{
    "manufacturer": "BenMakesEverything",
    "keyboard_name": "ben_ortho_62",
    "maintainer": "BenMakesEverything",
    "bootloader": "rp2040",
    "diode_direction": "COL2ROW",
    "POINTING_DEVICE_ENABLE" : "yes",
    "POINTING_DEVICE_DRIVER" : "azoteq_iqs5xx",
    "features": {
        "bootmagic": true,
        "command": false,
        "console": false,
        "extrakey": true,
        "mousekey": true,
        "nkro": true
    },
    "matrix_pins": {
        "cols": ["GP15", "GP14", "GP13", "GP12", "GP11", "GP10", "GP9", "GP22", "GP21", "GP20", "GP19", "GP18", "GP17", "GP16"],
        "rows": ["GP0", "GP1", "GP6", "GP7", "GP8"]
    },
    "processor": "RP2040",
    "url": "",
    "usb": {
        "device_version": "1.0.0",
        "pid": "0x0000",
        "vid": "0xFEED"
    },
    "layouts": {
        "LAYOUT": {
            "layout": [
                //Row 1
                {"matrix": [0, 0], "x": 0, "y": 0},
                {"matrix": [0, 1], "x": 1, "y": 0},
                {"matrix": [0, 2], "x": 2, "y": 0},
                {"matrix": [0, 3], "x": 3, "y": 0},
                {"matrix": [0, 4], "x": 4, "y": 0},
                {"matrix": [0, 5], "x": 5, "y": 0},
                {"matrix": [0, 6], "x": 6, "y": 0},
                {"matrix": [0, 7], "x": 7, "y": 0},
                {"matrix": [0, 8], "x": 8, "y": 0},
                {"matrix": [0, 9], "x": 9, "y": 0},
                {"matrix": [0, 10], "x": 10, "y": 0},
                {"matrix": [0, 11], "x": 11, "y": 0},
                {"matrix": [0, 12], "x": 12, "y": 0},
                {"matrix": [0, 13], "x": 13, "y": 0},

                //Row 2
                {"matrix": [1, 0], "x": 0, "y": 1},
                {"matrix": [1, 1], "x": 1, "y": 1},
                {"matrix": [1, 2], "x": 2, "y": 1},
                {"matrix": [1, 3], "x": 3, "y": 1},
                {"matrix": [1, 4], "x": 4, "y": 1},
                {"matrix": [1, 5], "x": 5, "y": 1},
                {"matrix": [1, 8], "x": 8, "y": 1},
                {"matrix": [1, 9], "x": 9, "y": 1},
                {"matrix": [1, 10], "x": 10, "y": 1},
                {"matrix": [1, 11], "x": 11, "y": 1},
                {"matrix": [1, 12], "x": 12, "y": 1},
                {"matrix": [1, 13], "x": 13, "y": 1},

                //Row 3
                {"matrix": [2, 0], "x": 0, "y": 2},
                {"matrix": [2, 1], "x": 1, "y": 2},
                {"matrix": [2, 2], "x": 2, "y": 2},
                {"matrix": [2, 3], "x": 3, "y": 2},
                {"matrix": [2, 4], "x": 4, "y": 2},
                {"matrix": [2, 5], "x": 5, "y": 2},
                {"matrix": [2, 8], "x": 8, "y": 2},
                {"matrix": [2, 9], "x": 9, "y": 2},
                {"matrix": [2, 10], "x": 10, "y": 2},
                {"matrix": [2, 11], "x": 11, "y": 2},
                {"matrix": [2, 12], "x": 12, "y": 2},
                {"matrix": [2, 13], "x": 13, "y": 2},

                //Row 4
                {"matrix": [3, 0], "x": 0, "y": 3},
                {"matrix": [3, 1], "x": 1, "y": 3},
                {"matrix": [3, 2], "x": 2, "y": 3},
                {"matrix": [3, 3], "x": 3, "y": 3},
                {"matrix": [3, 4], "x": 4, "y": 3},
                {"matrix": [3, 5], "x": 5, "y": 3},
                {"matrix": [3, 8], "x": 8, "y": 3},
                {"matrix": [3, 9], "x": 9, "y": 3},
                {"matrix": [3, 10], "x": 10, "y": 3},
                {"matrix": [3, 11], "x": 11, "y": 3},
                {"matrix": [3, 12], "x": 12, "y": 3},
                {"matrix": [3, 13], "x": 13, "y": 3},

                //Row 5
                {"matrix": [4, 0], "x": 0, "y": 4},
                {"matrix": [4, 1], "x": 1, "y": 4},
                {"matrix": [4, 2], "x": 2, "y": 4},
                {"matrix": [4, 3], "x": 3, "y": 4},
                {"matrix": [4, 4], "x": 4, "y": 4},
                {"matrix": [4, 5], "x": 5, "y": 4},
                {"matrix": [4, 8], "x": 8, "y": 4},
                {"matrix": [4, 9], "x": 9, "y": 4},
                {"matrix": [4, 10], "x": 10, "y": 4},
                {"matrix": [4, 11], "x": 11, "y": 4},
                {"matrix": [4, 12], "x": 12, "y": 4},
                {"matrix": [4, 13], "x": 13, "y": 4}
            ]
        }
    }
}